gender,race,lunch,irp,method_group,rank_type
0.226762821,0.372459469,0.435703325,0.654728587,base_rank,math
0.209535256,0.273177081,0.258925831,0.478105598,base_rank,reading
0.269230769,0.237749367,0.356521739,0.506774303,base_rank,writing
0.154447115,0.300255261,0.335038363,0.52951493,Kemeny,kemeny
0.020232372,0.047997216,0.048388747,0.049965946,Multi-Fair,Multi-Fair
0.03165064,0.03215692,0.04716113,0.04937242,greedy_fair,greedy_fair