runtime,method,gender_arp,race_arp,intersection_irp,num_baserankings
4.795083284378052,Fair_Borda,0.09919999999999995,0.04375000000000007,0.09111111111111109,100
4.817087650299072,Fair_Borda,0.09919999999999995,0.06937499999999996,0.09888888888888886,1000
5.2061755657196045,Fair_Borda,0.09919999999999995,0.06437499999999996,0.09777777777777774,10000
9.361114740371704,Fair_Borda,0.09919999999999995,0.06437499999999996,0.09777777777777774,100000
50.754571199417114,Fair_Borda,0.09919999999999995,0.06437499999999996,0.09777777777777774,1000000
