time,method,maxdifparity_gender,maxdifparity_race,maxdifparity_intersectional,ranker_num
1.469334364,borda + post_correct,0.091111111,0.025462963,0.095238095,100
1.402327061,borda + post_correct,0.091111111,0.040123457,0.095238095,1000
1.896431446,borda + post_correct,0.094444444,0.042438272,0.099206349,10000
5.645281076,borda + post_correct,0.093888889,0.033179012,0.095238095,100000
43.31798458,borda + post_correct,0.093888889,0.033179012,0.095238095,1000000
421.3994062,borda + post_correct,0.093888889,0.033179012,0.095238095,10000000