cf,fpr1,atr1,fpr2,atr2,fprinter,atrinter,method,result
0.0,"[0.2857142857142857, 0.7142857142857143]",0.4285714285714286,"[0.425, 0.6388888888888888, 0.4444444444444444]",0.21388888888888885,"[0.3333333333333333, 0.5, 0.3181818181818182, 0.5909090909090909, 0.7272727272727273, 0.5909090909090909]",0.4090909090909091,kemeny,"[7, 3, 9, 10, 4, 8, 1, 11, 12, 0, 6, 2, 5]"
10.0,"[0.4523809523809524, 0.5476190476190477]",0.09523809523809529,"[0.475, 0.5555555555555556, 0.4722222222222222]",0.08333333333333337,"[0.4666666666666667, 0.5454545454545454, 0.4090909090909091, 0.5, 0.5454545454545454, 0.5454545454545454]",0.1363636363636363,top,"[7, 3, 1, 4, 9, 10, 11, 8, 12, 0, 2, 5, 6]"
10.0,"[0.42857142857142855, 0.5714285714285714]",0.14285714285714285,"[0.5, 0.5, 0.5]",0.0,"[0.4666666666666667, 0.45454545454545453, 0.45454545454545453, 0.5454545454545454, 0.5454545454545454, 0.5454545454545454]",0.09090909090909088,inter,"[7, 3, 1, 4, 9, 10, 11, 8, 0, 12, 5, 6, 2]"
12.0,"[0.47619047619047616, 0.5238095238095238]",0.04761904761904767,"[0.475, 0.5277777777777778, 0.5]",0.05277777777777781,"[0.4666666666666667, 0.5454545454545454, 0.45454545454545453, 0.5, 0.5, 0.5454545454545454]",0.09090909090909088,multi,"[7, 3, 4, 1, 9, 10, 11, 12, 8, 0, 2, 5, 6]"
