gender_arp,race_arp,lunch_arp,irp,rank
0.22676282051282048,0.3724594694178335,0.43570332480818413,0.654728587015821,math
0.2095352564102564,0.27317708084104547,0.258925831202046,0.47810559810559816,reading
0.2692307692307692,0.23774936718172235,0.3565217391304348,0.5067743033168565,writing
